000067-64-1_group2,000067-68-5_group1,000074-95-3_group1,000077-68-9_group1,000078-79-5_group2,000078-93-3_group1,000091-20-3_group1,000095-16-9_group2,000095-47-6_group2,000098-82-8_group2,000098-83-9_group2,000098-86-2_group2,000100-41-4_group3,000100-41-4_group4,000100-42-5_group1,000100-80-1_group1,000103-65-1_group1,000104-76-7_group1,000106-46-7_group2,000107-83-5_group2,000107-92-6_group1,000108-67-8_group2,000108-67-8_group3,000108-87-2_group2,000108-94-1_group1,000109-52-4_group1,000110-43-0_group1,000110-54-3_group2,000110-82-7_group1,000110-88-3_group1,000110-93-0_group2,000110-98-5_group1,000112-31-2_group1,000115-11-7_group2,000119-36-8_group1,000120-92-3_group1,000123-35-3_group1,000124-19-6_group1,000140-11-4_group1,000141-78-6_group2,000142-82-5_group2,000149-57-5_group1,000353-66-2_group1,000470-82-6_group1,000496-11-7_group2,000541-73-1_group2,000589-34-4_group2,000589-81-1_group2,000611-14-3_group2,000615-74-7_group1,000617-94-7_group1,000620-14-4_group1,000761-65-9_group1,001074-43-7_group1,001074-55-1_group2,001122-82-3_group1,001203-17-4_group1,001640-89-7_group2,001762-27-2_group1,002216-33-3_group1,002809-64-5_group2,003387-41-5_group1,003877-15-4_group2,005989-27-5_group1,013475-82-6_group1,018631-83-9_group2,019549-87-2_group1,027750-45-4_group1,038165-93-4_group1,054446-78-5_group1,063521-76-6_group3,095798-15-5_group1,1000132-10-9_group2,1000308-17-8_group1,1000309-13-0_group1,1000386-40-2_group1,1000401-12-0_group1,1000417-00-6_group1
0.8837,0.2221,,,0.6244,,0.5169,,1.1005,0.244,0.5797,0.6668,0.9919,,,,,1.2753,0.3595,,0.6447,,0.6679,,,,,0.9814,,,,,0.6985,,0.2179,,0.1837,,0.1946,,1.1566,0.3301,,,,,,,0.3765,,,,0.2717,0.2179,,0.352,0.1571,0.0704,,0.2342,,0.1515,,1.9156,,,,,,,,0.5445,,,,,,
0.6738,,,,0.4468,0.1196,0.5003,,,,0.5299,0.7799,0.4051,,,,,1.3832,0.3293,,0.6149,,0.9642,,0.2398,0.2963,,0.0678,,0.1173,,,0.6792,,,,,,0.2354,,0.107,0.3654,0.0977,,,,,,,,,,0.6773,,,0.5017,,,,,,,,0.5754,,,,,,,,0.6837,,,,,,0.0442
0.6466,,,,1.2023,,0.4593,,0.7473,0.0822,0.4561,0.7021,0.633,,,0.0633,,,,,0.5192,,0.3965,,,,0.0657,0.2911,,,,,0.5896,,0.2371,,0.1383,0.4385,0.2058,0.0487,0.3644,0.3146,0.1395,,,0.3522,,,,,1.1787,,0.2767,0.2318,,0.4076,,,,,,,0.0433,0.7129,,,,,,,,,,,,,,
,,,,,,,,,,,,,,,,,,,,,,,,,,,,,,,,,,,,,,,,,,,,,,,,,,,,,,,,,,,,,,,,,,,,,,,,,,,,,
0.7098,,,,,,0.4345,,1.0855,0.1259,0.4789,0.707,0.8125,,,0.0946,,1.1201,,,0.4844,,0.6483,,,,,0.5288,,,,,0.5195,,,,0.1348,,0.1756,,0.7547,0.2593,,,,0.3219,,,0.437,,0.9332,,0.3188,0.2651,,0.3517,0.1708,,,,,,,0.5143,,,,,,,,,,,,,,
,,0.0439,,,,,,,,,,,,,,,,,,,,,,,,,,,,,,,,,,,,,,,,,,,,,,,,,,,,,,,,,,,,,,,,,,,,,,,,,,,
,,0.0575,,,,,,,,,,,,,,,,,,,,,,0.1049,,,,,,,,,0.0017,,,,,,,,,,,,,,,,,,,,,,,,,,,,,,,,,,,,,,,,,,,,
,,,,,,,,,,,,,,,,,,,,,,,,,,,,,,,,,,,,,,,,,,,,,,,,,,,,,,,,,,,,,,,,,,,,,,,,,,,,,
,,,,,,,,,,,,,,,,,,,,,,,,,,,,,,,,,,0.1433,,,,,,,,,,,,,,,,,,,,,,,,,,,,,,,,,,,,,,,,,,,
,,0.0774,,,,,,,,,,,,,,,,,,,,,,,,,,,,,,,,,,,,,,,,,,,,,,,,,,,,,,,,,,,,,,,,,,,,,,,,,,,
,0.3515,0.0389,,,,,,,,,,,,,,,,,,,,,,0.0964,,,,,,,,,,,,,,,,,,,,,,,,,,,,,,,,,,,,,,,,,0.266,,,,,,,,,,,,
,0.2081,0.0501,,,,,,,,,,,,,,,,,,,,,,,,,,,,,,,0.0024,,,,,,,,,,,,,,,,,,,,,,,,,,,,,,,,,,,,,,,,,,,,
,0.2113,0.0408,,,,,,,,,,,,,,,,,,,,,,,,,,,,,,,,,,,,,,,,,,,,,,,,,,,,,,,,,,,,,,,,,,,,,,,,,,,
,,,,,,,,,,,,,,,,,,,,,,,,,,,,,,,,,,,,,,,,,,,,,,,,,,,,,,,,,,,,,,,,,,,,,,,,,,,,,
,,,,,,,,,,,,,,,,,,,,,,,,,,,,,,,,,,,,,,,,,,,,,,,,,,,,,,,,,,,,,,,,,,,,,,,,,,,,,
,0.0477,,,,,,,,,,,,,,,,,,,,,,,,,,,,,,,,,,,,,,,,,,,,,,,,,,,,,,,0.2012,,,,,,,,,,,,,,,,,,,,,
,,,,,,,,,,,,,,0.613,,,,,,,,,,,,,,,,0.1709,,,,,,,0.6289,,,,,,,,,,,,,,,,,,,,,,,,,,,,,,,,,,,,,,,,
,0.0701,,,,,,,,,,,,,1.2094,,,,,,,,,,,,,,,,,,,0.0195,,,,,,,,,,,,,,,,,,,,,,,,,,,,,,,,,,,,,,,,,,,,
,,,,,,,,,,,,,,,,,,,,,,,,0.1364,,,,,,,,,,,,,,,,,,,0.647,0.0776,,,,,,,,,,,,,,,,,,,,,,,,,,,,,,,,,
,,,,,,,,,,0.1076,,,,,,,,,,,,,,,,,,,,,,,,,,,,,,,,0.0002,,,0.436,,,,,,,,,,,,,,,,,,,,,,,,,,,,,,,,
,0.0935,,,,,,,,,,,,,,,,,1.6484,,,,,,,,,,,,,,,,,,,,,,,,,,,,,,2.7997,,,,,,,,,,,,,,,,,,,,,,,,,,,,,
,0.0871,,,,,,,,,,,,,,,,,,,,,,,,,,,,,,,,,,,,,,,,,,,,,,,,,,,,,,,,,,,,,,,,,,,,,,,,,,,,
,,0.0798,,,,,,,,0.5628,,,,,,,,,0.0002,,,,,,,,,,,,,,,,,,,,,,,0.0003,,,,,,,,,,,,,,,,,,,,,,,0.139,,,,,,,,,,,,
,0.0277,,,,,,,,,,,,,,,,,,,,,,,,,,,,,,,,,,,,,,,,,,,,,,,,,,,,,,,,,,,,,,,,,,,,,,,,,,,,
,0.1595,0.0494,,,,,,,,,,,,,,,,,,,,,,,,,,,,,,,,,,,,,,,,,,,,,,,,,,,,,,,,,,,,,,,0.0466,,,,,,,,,,,,
,,,,,,,,,,,,,,,,,,,,,1.1837,,,,,,,,,,,,,,,,,,,,,,,,,,,,,,,,,,,,0.0743,,,,,,,,,,,,,,,,,,,,
,,,,,,,,,,,,,,,,,,,,,,,,,,,,,,,,,,,,,,,,,,,,,,,,,,,,,,,,,,,,,,,,,,,,,,,,,,,,,
,,,,,,,,,,,,,0.922,,,,,,,,,,,,,,,,,,,,,,,,,,,,,,,,,,,,,,,,,,,,,,,,,,,,,,,,,,,,,,,,
,,,,,,,,,,,,,0.8465,,,,,,,,,,,,,,,,,,,,,,,,,,,,,,,,,,,,,,,,,,,,,,,,,,,,,,,,,,,,,,,,
,,,,,,,,,,,,,1.0677,,,,,,,,,,,,,,,,,,,,,,,,,,,,,,,,,,,,,,,,,,,,,,,,,,,,,,,,,,,,,,,,
,,,,,,,,,,,,,0.8817,,,,,,,,,,,,,,,,,,,,,,,,,,,,,,,,,,,,,,,,,,,,,,,,,,,,,,,,,,,,,,,,
,,,,,,,,,,,,,,,,0.1718,,,,,0.4007,1.9017,,,,,,,,,,,,,,,,,,,,,,,,,,0.2321,,,,,,,,,,,,,,,,,,0.0983,,,,,,,,,,,
,,,,,,,,,,,,,1.9551,,,,,,,,,,,,,,,,,,,,,,,,,,,,,,,,,,,,,,,,,,,,,,,,,,,,,,,,,,,,,,,,
,,,,,,,,,,,,,0.7996,,,,,,,,,,,,,,,,,,,,,,,,,,,,,,,,,,,,,,,,,,,,,,,,,,,,,,,,,,,,,,,,
,,,,,,,,,,,,,0.7187,,,,,,,,,,,,,,,,,,,,,,,,,,,,,,,,,,,,,,,,,,,,,,,,,,,,,,,,,,,,,,,,
,,,,,,,,,,,,,0.5819,,,,,,,,,,,,,,,,,,,,,,,,,,,,,,,,,,,,,,,,,,,,,,,,,,,,,,,,,,,,,,,,
,,,,,,,,,,,,,0.843,,,,,,,,,,,,,,,,,,,,,,,,,,,,,,,,,,,,,,,,,,,,,,,,,,,,,,,,,,,,,,,,
,,,,,,,,,,,,,,,,,0.8568,,,,,,,,,,,,,,,,,,,,,,,,,,,,,,,0.5081,,,,,,,,,,,,,,,,,,0.0476,,,,,,,,,,,
,,,,,,,,,,,,,,,,0.3531,0.944,,,,0.4135,,,,,,,,,,,,,,,,,,,,,,,,,,,0.742,,,,,,,,,,,,,,,,,,0.051,,,,,,,,,,,
,,,,,,,,,,,,,,,,,,,,,,1.6135,,,,,,,,,,,,,,,,,,,,,,,,,,0.2723,,,,,,,,,,,,,,,,,,0.0386,,,,,,,,,,,
,,,,,,,,,,,,,,,,,0.9532,,,,,0.4772,,,,,,,,,,,,,,,,,,,,,,,,,,0.4636,,,,,,,,,,,,,,,,,,0.0349,,,,,,,,,,,
,,,,,,,,,,,,,,,,0.1455,1.1869,,,,,,,,,,,,,,,,,,,,,,,,,,,,,,,0.1517,,,,,,,,,,,,,,,,,,0.0628,,,,,,,,,,,
,,,,,,,,,,,,,,,,0.1044,1.2582,,,,,1.4458,,,,,,,,,,,,,,,,,,,,,,,,,,0.2469,,,,,,,,,,,,,,,,,,0.0533,,,,,,,,,,,
,,,,,,,,,,,,,,,,,0.4028,,,,0.2145,1.1154,,,,,,,,,,,,,,,,,,,,,,,,,,0.7812,,,,,,,,,,,,,,,,,,0.0249,,,,,,,,,,,
,,,,,,,,,,,,,,,,0.2556,1.1377,,,,0.2737,,,,,,,,,,,,,,,,,,,,,,,,,,,0.1782,,,,,,,,,,,,,,,,,,0.0324,,,,,,,,,,,
,,,,,,,,,,,,,,,,,0.7447,,,,,,,,,,,,,,,,,,,,,,,,,,,,,,,0.5695,,,,,,,,,,,,,,,,,,0.0418,,,,,,,,,,,
,,,,,,,,,,,,,,,,0.1139,1.5671,,,,,,,,,,,,,,,,,,,,,,,,,,,,,,,0.4359,,,,,,,,,,,,,,,,,,0.0403,,,,,,,,,,,
,,,,,,,,,,,,,,,,,0.8694,,,,,,,,,,,,,,,,,,,,,,,,,,,,,,,,,,0.11,,,,,,,,,,,,,,,0.0267,,,,,,,,,,,
,,,,,,,,,,,,,,,,0.0538,1.0261,,,,,,,,,,,,,,,,,,,,,,,,,,,,,,,0.287,,,,,,,,,,,,,,,,,,0.0368,,,,,,,,,,,
,,,,,,,,,,,,,1.0634,,,,,,,,,,,,,,,,,,,,,,,,,,,,,,,,,,,,,,,,,,,,,,,,,,,,,,,,,,,,,,,,
,,,,,,,,,,,,,1.142,,,,,,,,,,,,,,,,,,,,,,,,,,,,,,,,,,,,,,,,,,,,,,,,,,,,,,,,,,,,,,,,
,,,,,,,,,,,,,1.1164,,,,,,,,,,,,,,,,,,,,,,,,,,,,,,,,,,,,,,,,,,,,,,,,,,,,,,,,,,,,,,,,
,,,,,,,,,,,,,0.9802,,,,,,,,,,,,,,,,,,,,,,,,,,,,,,,,,,,,,,,,,,,,,,,,,,,,,,,,,,,,,,,,
,,,,,,,,,,,,,1.344,,,,,,,,,,,,,,,,,,,,,,,,,,,,,,,,,,,,,,,,,,,,,,,,,,,,,,,,,,,,,,,,
,,,,,,,,,,,,,0.9991,,,,,,,,,,,,,,,,,,,,,,,,,,,,,,,,,,,,,,,,,,,,,,,,,,,,,,,,,,,,,,,,
,,,,,,,,,,,,,0.9799,,,,,,,,,,,,,,,,,,,,,,,,,,,,,,,,,,,,,,,,,,,,,,,,,,,,,,,,,,,,,,,,
,,,,,,,,,,,,,0.529,,,,,,,,,,,,,,,,,,,,,,,,,,,,,,,,,,,,,,,,,,,,,,,,,,,,,,,,,,,,,,,,
,,,,,,,,,,,,,0.9163,,,,,,,,,,,,,,,,,,,,,,,,,,,,,,,,,,,,,,,,,,,,,,,,,,,,,,,,,,,,,,,,
0.195,,,0.0995,0.1526,0.0479,0.2254,0.0659,0.2567,,0.348,0.4119,0.5139,,0.2281,,0.0916,0.5411,1.2325,0.0218,,,0.867,0.0096,0.2605,,,0.0483,0.0058,,,0.1669,,,0.0436,,,,0.1954,,0.0527,0.1547,,0.2674,0.3844,,,,0.0609,,0.4485,,0.4182,,,0.1177,0.0427,,,,,,,0.3715,,,0.0509,,0.8213,,,0.7959,,,,,,
0.26,,,0.1547,0.1911,0.0754,0.5884,0.1115,,0.0964,,0.6107,0.8138,,0.3299,,0.289,0.9247,1.8824,0.0432,0.7966,,0.8415,0.0138,,,,0.1047,,,0.7673,0.1591,,,0.0836,,,,,,0.0994,0.2474,,,,,,,0.2256,,,,,0.3025,,0.2796,,0.0073,,0.0364,0.3472,,0.0578,0.5887,,,0.0716,,,,,,,,,,,
0.2601,,,0.1239,,,0.2701,0.1025,0.3118,0.0687,0.2101,0.6594,0.5191,,,,,0.722,1.2019,0.0183,0.6752,,0.4065,0.0045,0.2825,,,0.049,,,0.1993,0.1421,0.5683,,0.0554,,,,0.2904,,0.0482,0.1954,,,,,,,0.1785,,,,0.5268,,,0.1577,0.0684,,,,0.2248,,,0.5362,,,,,,0.1831,,,,,,,,
0.2954,,,0.0915,0.0876,,0.4194,0.0795,,,0.2786,0.4914,0.6713,,,,,0.729,0.9042,0.0266,0.2146,,0.4969,,0.3649,,,0.0615,0.0117,,,0.125,0.4302,0.0362,0.0456,,,,0.2394,0.0304,0.0632,0.1828,,,,,0.0469,,0.1937,,0.6981,,0.1054,,,0.2196,0.2909,0.0057,,,0.1954,,,0.495,,,,,,,,,,,,,,
,,,,,,,,,,,,,0.9931,,,,,,,,,,,,,,,,,,,,,,,,,,,,,,,,,,,,,,,,,,,,,,,,,,,,,,,,,,,,,,,,
,,,,,,,,,,,,,0.9843,,,,,,,,,,,,,,,,,,,,,,,,,,,,,,,,,,,,,,,,,,,,,,,,,,,,,,,,,,,,,,,,
,,,,,,,,,,,,,0.7687,,,,,,,,,,,,,,,,,,,,,,,,,,,,,,,,,,,,,,,,,,,,,,,,,,,,,,,,,,,,,,,,
,,,,,,,,,,,,,0.705,,,,,,,,,,,,,,,,,,,,,,,,,,,,,,,,,,,,,,,,,,,,,,,,,,,,,,,,,,,,,,,,
,,,,,,,,,,,,,0.9156,,,,,,,,,,,,,,,,,,,,,,,,,,,,,,,,,,,,,,,,,,,,,,,,,,,,,,,,,,,,,,,,
,,,,,,,,,,,,,1.2225,,,,,,,,,,,,,,,,,,,,,,,,,,,,,,,,,,,,,,,,,,,,,,,,,,,,,,,,,,,,,,,,
,,,,,,,,,,,,,0.7805,,,,,,,,,,,,,,,,,,,,,,,,,,,,,,,,,,,,,,,,,,,,,,,,,,,,,,,,,,,,,,,,
,,,,,,,,,,,,,1.0867,,,,,,,,,,,,,,,,,,,,,,,,,,,,,,,,,,,,,,,,,,,,,,,,,,,,,,,,,,,,,,,,
0.316,,,0.1477,,,0.29,,0.3891,0.135,0.5794,0.4318,,,,,,,,,,,,,,,,0.2934,,,,0.0637,,0.0089,,,,,0.1341,,,0.1539,,,,0.3972,0.4781,,,,,,0.5473,,,0.3196,0.2893,,,,0.1251,,,0.6396,,,,1.1382,,,,,,,,,,
0.0687,,,0.1036,,,,0.1053,0.5578,0.6808,1.3542,0.4616,0.8226,,0.203,,,0.5656,0.5476,0.0037,0.3185,,0.5635,,,0.3452,,0.0215,,,,0.2427,,,,,,,0.1297,,0.0978,0.1644,,,1.4792,,,,0.2141,,0.4477,,0.2355,0.2471,,0.4598,0.4953,,,,,,,,,,,,,,,,,,,,,
0.2249,,,0.1607,,,0.451,,0.5626,0.1345,0.6331,0.4256,0.5388,,,,,0.4176,0.3969,,,,0.5867,,,,,0.2837,,,,,,0.0002,,,,,0.0875,,,0.1103,,,,,,,,,,,0.5365,,,0.2736,0.2541,,,,0.1463,,,0.852,,,,,,,,,,,,,,
0.2496,0.1413,,0.1614,,,0.3679,0.109,0.7132,0.1251,,0.5696,0.7657,,0.3912,,,0.6939,0.293,,0.2196,,0.7999,,0.2671,,,0.0492,,,0.6878,,0.6133,,,,,,,,0.5067,0.1919,,,,,0.3,0.2234,0.2993,,,,0.6388,,,0.3962,0.3262,,,,0.1848,,,0.5426,,,,,,,,,,,,,,
0.297,,,0.1934,,0.0771,0.7894,,,0.1179,0.291,0.5957,0.8634,,0.2866,,0.293,0.6354,,0.0725,,,0.5731,0.0221,,,,0.174,0.0122,,0.2115,,0.4003,,0.0678,,0.2072,,,0.0466,0.2871,0.3054,,,,,0.1609,0.0983,0.3505,,,,0.2391,0.3821,,0.328,0.323,0.0148,,0.0498,0.2148,,,3.0711,,,0.0253,,0.7495,,,,,,,,,
0.632,,,,,,0.4692,0.2475,0.7168,0.0715,0.4157,0.5768,0.6558,,0.348,,,0.6984,,0.393,0.216,,0.609,0.053,0.4959,,,,0.0357,,,0.0679,0.2938,0.0308,0.0693,,,,,,0.1894,0.1383,,,,,,,0.1798,,,,,,,0.1898,0.1502,,,,,,,0.7444,,,,,1.1083,,,1.8851,,,,0.4269,,
0.4765,,,0.1531,0.3447,0.0759,0.5364,,,0.0604,,0.7095,0.5295,,0.1908,,,0.7089,,0.0277,,,0.2318,0.0049,0.5053,0.3905,,,0.0031,,0.6673,0.1808,0.7376,,0.1223,,0.0811,,,0.0276,0.0738,0.2069,,0.4861,0.2336,0.4386,0.0538,,0.1669,,,0.545,,,0.0515,0.3664,,,,,,,0.0339,0.868,,,0.037,,,,,,,,,0.0721,,
0.6703,,,0.101,,0.0233,0.3917,0.1978,1.1395,0.1646,,0.4375,0.6827,,0.7617,,,0.695,,0.4256,0.5925,,,0.1027,0.4269,0.1695,0.0857,,,,,0.1065,0.2657,0.0346,,,0.1968,,,,0.2658,0.1282,,,,,0.4551,,,,,,,,,0.2939,0.1894,0.0314,,,,,,,,,0.0373,,,0.1895,,,,,0.346,0.5633,,
0.6494,0.1915,,0.1166,,,0.3032,0.0881,0.691,0.1069,0.3621,0.4372,0.5504,,0.2315,,,0.5882,0.2722,0.6628,0.2227,,0.5364,0.3098,0.257,,,1.0002,0.3945,,,,0.4318,0.0309,0.0831,,,,,,0.5005,0.133,,,,,0.9175,,0.257,,,,0.4865,,,0.1926,0.1658,0.0887,,,,,,0.6894,,,,,,,,,,,,,,
0.4076,,,0.1445,,,0.5378,0.157,0.6666,0.0804,0.2697,0.8047,0.7215,,0.2874,,,0.6998,,0.6886,,,0.9302,0.1112,,,,,0.1008,,,0.1777,0.7695,,0.1491,,0.1019,0.6602,,0.2615,0.3307,0.187,,,,0.6324,,,0.7049,,,,,0.4363,,0.3538,,,,0.0634,,,,1.196,,2.5994,0.0373,,,,,,,,,0.7957,,
0.3457,,,0.0848,0.8953,,0.372,0.1387,0.6843,0.0907,,0.4136,0.6293,,0.2931,0.1395,0.1496,0.6919,,0.3509,0.2334,,0.4477,0.0478,0.5252,0.156,,0.3746,0.0483,,,0.0639,0.2184,,0.0553,,0.1016,,0.2156,0.0695,0.1483,0.1037,,0.135,,,,,0.1653,,0.575,,,,0.0611,0.1359,0.1513,0.01,,,,,,0.6659,,,0.02,,,,,,,,,,,
0.2638,,,0.1922,,,,0.1281,0.8361,0.1092,,0.9729,0.9265,,,0.1678,0.3248,0.9009,,0.5282,0.6572,,0.4723,0.0611,0.3292,0.3609,,,0.0518,,0.5139,0.2615,,,0.0888,,0.1429,,,,0.2009,0.2669,,,,,,,0.4418,,,,0.7103,,,0.4212,0.246,0.0146,,,,,,1.4513,,,,,,,,,,,,0.4467,,
0.4032,,,0.1495,,,0.3625,0.0938,0.7405,,,0.4837,,,,,,,0.5136,0.0268,0.5121,,,,,,,0.0566,,,,0.0602,,0.0241,,,,,,0.0101,0.1204,0.1357,,,,,,0.0641,,,,,0.3395,,,0.2683,0.0999,0.007,,0.0186,,,,0.7635,,0.0402,0.0073,1.4837,,,,0.4544,,,,,,
0.5422,,,0.1195,,0.0936,0.5546,0.0887,0.8865,0.1173,,0.5395,0.6791,,0.3186,0.1645,0.3141,0.9137,0.3238,0.1204,0.1959,,0.6607,,,0.1525,,0.2627,0.0332,,0.6609,,0.497,0.0196,0.0616,,,,,0.0559,0.3249,0.1545,,,,,0.2647,0.1537,0.2829,,0.8141,,,0.3505,,0.3634,0.3913,0.0286,,0.0781,0.1733,,0.0645,0.6859,,,0.0763,1.5375,,,,,,,,,,
0.3461,0.2146,,0.2004,,0.1232,0.6744,0.1379,0.482,0.0881,,1.1021,0.7574,,0.2387,,0.2776,1.2753,,0.0528,0.4606,,1.058,0.019,,,,0.1431,0.0169,,1.3433,0.2089,1.052,,0.2107,,0.1297,,,0.0593,0.1529,0.2521,,,,1.0334,,0.0748,0.1422,,0.9061,0.308,,0.2872,,0.5139,,0.0091,,0.0324,,,,1.7321,,,0.0642,,,,,,,,,,,
0.158,,,0.1634,0.8669,0.068,0.7469,0.1218,,0.1039,,0.7018,0.7154,,,0.146,0.2928,1.1153,,0.041,0.9695,,0.3483,,0.3075,,,0.105,,,1.0717,0.1386,0.7815,,0.0912,,0.1517,,0.3118,0.0618,0.1214,0.2218,,,,,,,0.1681,,0.8012,,,,,0.5574,,0.0052,,0.025,,,0.0302,1.7206,,,0.0704,,,,,,,,,,,
0.5896,,,0.1388,,0.0454,0.4813,,,0.0951,,0.5149,0.6246,,,,,0.6163,,0.0291,0.2388,,0.4149,,0.6527,,,0.0728,0.0108,,0.5754,,0.292,0.0738,0.1151,,0.4252,,,0.0244,0.1175,0.13,,,,,0.0672,0.075,0.2224,,,,0.1423,,,0.6374,0.3245,0.0077,,0.029,0.1446,,,6.1993,0.2008,,0.0597,,,,,,,,,,,0.078
0.4878,0.2626,,0.1141,0.3593,,0.3309,0.1002,0.8247,0.1154,,0.613,0.7673,,,,,0.4733,,0.087,0.997,,0.6794,,0.4577,,,0.1695,0.0218,,0.3846,0.1567,,0.0127,0.1522,,,,,,0.2542,0.1627,,,,0.4823,0.1993,0.1723,0.3513,,0.6653,,0.3811,,,0.4495,0.1,0.0202,,0.0776,0.1094,,,,0.2696,,0.0778,,,,,3.9185,,,,,,0.1187
0.7108,,,0.1252,,,0.3359,0.1203,,0.1042,,0.7105,0.7336,,0.2567,,,0.8246,,0.0764,0.3363,,0.7519,0.0544,0.2545,,,0.1778,0.0116,,,0.1013,0.373,0.014,0.0733,,,,,,0.2443,0.1558,,0.6539,,0.6222,0.1678,0.1744,0.2435,,,,0.3885,,,0.3988,,0.0179,,0.2993,0.1524,,,1.0334,,,,,,,,,,,,,,
0.4519,,,0.1427,,0.0905,0.3074,0.105,1.0179,,,0.6427,0.6834,,0.3253,,,0.7079,,0.0991,,,0.3275,,0.571,,,0.2078,0.0224,,0.5899,0.1087,,,0.1002,,,,,0.0574,0.2586,0.1791,,,,,0.1968,0.1641,0.2153,,0.6448,,0.1216,,,0.5447,,0.022,,0.083,0.1667,,0.0495,1.0052,,,0.069,,,,,,,,,,,
0.3846,,,,,0.0604,0.4961,0.179,0.9458,0.0992,,0.5265,0.8014,,0.3216,,,1.3033,,0.0895,0.3228,,0.5224,0.0276,0.448,0.1711,,0.21,0.0161,,0.9302,0.1103,,0.02,0.0841,,,,,0.0457,0.2089,0.1479,,1.1443,,0.4362,0.1715,0.1061,0.219,,,,,,,0.4021,,0.0122,,,,,0.0384,1.2897,,,0.0615,,,,,,,,,,,
0.446,,,0.1309,0.0852,0.109,0.3477,0.0897,0.4761,0.0599,,0.3836,0.4718,,,,,0.7893,,0.0256,1.2474,,0.2871,,0.2719,0.3287,,0.0745,0.0081,,0.462,,,0.07,,,,,,0.0301,0.0926,0.1592,,,,0.4332,0.061,0.0544,0.1776,,,,0.393,,,0.2306,,0.0031,,0.0189,0.124,,,0.4479,,,0.019,1.2804,,,,,,,,,,
0.4233,,,0.0835,,,0.283,,0.6201,,,0.3591,0.9624,,,,,0.7105,,0.0574,0.2787,,,,1.4238,0.2749,,0.1448,,,0.3913,,,0.0427,,,,,,0.0679,0.1911,0.0927,,,,,0.1278,0.2313,0.1335,,,,0.3244,,,0.3644,,,,,0.0735,,,2.6862,,,0.255,,,,,,,,,,,
0.4307,,,0.1041,0.1135,0.0746,0.2796,0.1041,0.6495,,,0.4534,0.607,,,,,0.6412,0.4678,0.0289,0.1584,,,,0.3487,,,0.0808,,,0.3185,0.1006,0.2863,0.0491,0.0645,,,,,0.1262,0.093,0.132,,,,,,0.0605,0.1388,,,,0.0803,,,0.613,,0.0032,,,0.1071,,,0.6835,,,0.062,,,,,,,,,,,0.1019
0.5515,0.247,,0.1091,1.1561,0.1091,0.2834,0.0836,0.5498,,,0.5892,0.7282,,,,,0.8755,,0.1062,,,0.4385,,0.6092,0.1494,,0.3089,0.027,,0.6349,,0.5957,0.0277,0.0806,,,,,0.071,0.346,0.1207,,,,0.2332,0.259,0.1826,0.1594,,0.7349,,0.1055,,,0.6585,,,,0.0684,0.1862,,,0.7637,0.2173,,0.0658,2.0572,,,,1.3298,,,,,,0.1107
0.4596,0.1965,,0.1166,0.7888,0.0911,0.2325,0.1102,0.5266,,,0.6022,0.5658,,0.2024,,,0.9131,,0.0331,0.3259,,,,1.0433,,,0.0819,0.0051,,0.9373,0.1059,0.529,0.018,0.1056,,,,,0.0346,0.1139,0.1592,,0.3607,,0.2616,0.0738,0.0735,0.1653,,,,0.3816,,,0.3994,0.2944,0.0053,,,0.1441,,0.0947,0.8123,,,0.197,,,,,,,,0.7092,,,0.1433
0.485,,,0.1254,,0.0289,0.4251,,0.5274,,,0.4912,0.4733,,,,,0.5258,0.374,0.0246,0.3534,,,,,0.1654,,0.0631,0.0064,,0.1418,0.1128,0.431,0.0661,0.113,,0.1992,,,0.0297,0.1277,0.1341,,,,,0.0686,0.0735,,,,,0.5447,,,0.3703,0.2311,0.007,,0.0315,,,0.0278,,,,0.0194,,,,,2.1308,,,,,,
0.4716,,,0.1008,,0.0453,0.3429,,0.7675,0.0851,,0.5205,0.7147,,0.2478,0.0703,,0.977,,0.0438,0.201,,0.6347,,0.3651,,,0.122,0.01,,0.6972,0.1176,,0.0735,0.0943,,,,0.1531,0.0401,0.1679,0.1418,,,,0.3311,,0.1131,0.1691,,0.5478,,0.4085,,,0.5918,,0.0105,,0.0441,,0.3163,,1.105,0.0765,,0.0733,1.1224,,,,,,,,,,0.0774
0.4526,,,0.1249,,0.0437,0.5264,,0.8478,0.1175,,0.5407,0.771,,,,,0.9192,,0.0433,0.3527,,0.6004,,0.3621,,,0.1038,0.0112,,0.7831,0.1189,,0.0737,0.1274,,,,0.1619,0.0668,0.2009,0.1636,,,,,0.1127,0.1199,0.2371,,,,0.3738,,,0.5896,,,,0.056,0.1622,,0.051,0.8749,0.0897,,0.0595,,,0.2118,,1.1614,,,,,,0.0868
0.6224,,,,0.8441,0.045,0.2323,0.1009,,,,0.585,0.5626,,0.1825,,,0.9471,,0.0815,0.2709,,0.1956,0.0902,0.4948,,,0.2173,0.0282,,0.5901,,0.4027,0.0269,0.0539,,0.1295,,,0.028,0.2218,0.1461,,,,0.207,0.2434,0.1012,0.1219,,0.8037,,0.3513,,,0.4955,0.2723,0.0155,,0.0374,0.1313,0.2443,,2.1203,0.1356,,0.0442,,,,,,,,,,,0.0821
0.4547,,,0.1853,,,0.3066,,0.8876,,,0.4386,0.8161,,0.3012,,,0.8274,,0.2212,0.4734,,0.5477,1.1739,0.4433,,,,,,0.6911,0.1517,,0.0222,0.1108,,,,0.2904,,,0.1539,,,,,0.9463,0.1219,0.2838,,0.4196,,0.161,,,0.4101,,,,0.2886,0.1642,0.6755,,1.3274,,,0.2073,,0.6666,0.1665,,,,,,,,
0.2418,,,0.1298,,,0.351,0.2192,1.1344,0.1199,,0.5387,0.7996,,0.2327,,0.1482,1.3102,,0.0497,0.3484,,0.2147,0.0385,0.6529,,,0.1147,,,0.9376,,0.387,,0.1108,,,0.7356,,0.0922,0.1221,0.1441,,0.3022,0.1391,0.3318,0.1301,0.0637,0.1991,,,,,,,0.3213,,,,,,,0.2131,1.2408,0.0848,0.32,0.1662,,,,,,,,,,,0.1959
0.4901,,,0.0853,0.4362,0.04,0.4021,,0.7801,0.1177,,0.507,0.7032,,,,,0.8082,,0.0774,0.3952,,0.6215,,0.3788,0.1434,,0.1999,0.0192,,0.6195,,,0.0386,0.1143,,,,0.1212,,0.2899,0.1318,,,,,0.213,0.2244,0.2426,,,,0.2436,,,0.542,,0.0222,,,0.1245,0.1781,,,,,0.0635,,,,,0.6568,,,,,,
0.5498,,,0.1693,,,0.344,,0.6299,,,0.4756,0.8464,,,0.103,,0.7829,0.4102,0.09,1.7132,,0.535,,0.3689,,,0.2055,0.0237,,0.6028,,,0.0137,,,,,,,0.31,0.1193,,,,,0.2055,0.1786,0.2542,,0.775,,0.5259,,,0.5142,,,,0.0789,,,,,,,,1.4494,,,,,,,,,,0.0687
0.3674,,,0.1329,0.8982,,0.326,0.1151,,0.1121,,0.3835,0.9877,,0.2219,0.0704,0.3604,1.1662,,0.1195,0.2384,,0.6318,0.0325,0.6754,0.1751,,0.2409,0.0188,,0.9884,,0.595,,0.1148,0.206,0.123,0.711,,0.0677,0.2534,0.1483,,,0.1524,0.2362,0.1805,0.1294,0.2013,,,,,,,0.4033,,0.0141,,0.074,,0.3317,,1.9583,,,0.2571,,,,,,,,,,,0.2138
0.5098,0.2829,,0.1358,0.2865,0.0276,0.2713,0.1148,,,,0.415,0.5297,,,,,0.7839,,0.0719,,,0.4241,0.0273,0.4251,,,0.1441,0.0197,,0.7114,0.1299,0.4449,0.0512,,,0.2412,,0.2987,0.0132,0.1565,0.154,,,,,0.1266,0.0737,0.1381,,,,0.3995,,,0.5405,,0.0109,,,0.1352,,0.0205,,0.01,,0.0199,,,0.1917,,,,,,,,
0.5532,,,0.125,0.3952,0.0853,0.4415,,0.6624,,,0.5084,0.685,,,,,0.6701,,,0.1296,,0.8943,,0.5362,0.1595,,0.1822,,,0.4505,0.1109,,,0.1067,,0.2888,,,,0.2672,0.1461,,,,,,0.2159,,,,,0.0891,,,0.4103,,,,,0.1696,,,,,,0.0432,,,,,,,,,,,0.0791
0.5207,0.1752,,0.161,0.9149,,0.5027,0.1473,0.6168,0.107,,0.6126,0.8632,,,,,0.8292,,,0.4121,,0.315,,0.3928,0.228,,0.2985,0.0032,,0.8018,0.1329,0.2657,0.0344,0.0736,,0.4044,,,,0.2737,0.1778,,,,,,,,,,,,,,0.649,,,,,0.2307,,0.0357,,,,0.0349,,,0.2676,,,,,,,,0.0891
0.8329,,,0.1857,0.511,0.0231,0.3856,,0.5903,,,0.695,0.5964,,,,,0.9056,,,,,1.0825,,0.54,0.2554,,0.0477,,,0.4901,,,0.0425,0.1019,,,,0.2363,,0.1025,0.1405,,,,,,,,,0.8038,,0.4618,,,0.6135,,,,,,,,,,,0.0351,,,,,,,,,,,0.087
0.7056,,,0.2498,0.6319,0.0167,0.3061,,0.4479,,,0.6432,0.4213,,,,,0.3868,0.3151,,0.4187,,0.7858,,0.2364,,,0.0931,,,0.5041,0.1758,0.4142,0.1364,,,0.3056,,0.1504,,0.1619,0.1848,,,,,,,,,,,0.3162,,,0.4597,0.2966,,,,0.1606,0.5496,,,,,,,,0.2009,,,,,,,,
0.7411,,,0.262,1.8383,0.1311,0.4327,,1.0636,0.1372,,0.9874,0.9967,,,0.0992,,1.0424,,,0.5288,,1.2762,,0.367,0.2199,,0.7446,,,0.4736,0.1564,0.5836,0.0283,0.1401,,,,0.1679,,0.6735,0.1401,,,0.2676,0.366,,0.2998,,,0.7394,,,,,0.6182,,,,,,,,,,,0.0239,,,,,,,,,,,
0.554,,,0.3294,0.0487,0.3059,0.4942,,,0.1089,,1.1464,1.1607,,,,,1.0256,,,1.2559,,1.2707,,0.2654,,,0.0151,0.0001,,0.8242,0.2438,,,0.1968,,0.3924,,0.3512,0.1805,0.1047,0.2331,,,,0.5777,,,0.3098,,1.1411,,0.2329,,,0.9969,,,,,,,,0.8885,,,0.0214,,,,,0.24,,,,,,
0.5657,,,0.2718,,,0.4123,,1.2489,0.1622,,0.748,1.3063,,,0.115,,1.0701,0.476,,0.5328,,1.556,,0.3818,0.3509,,0.5752,,,0.9275,0.2622,,0.0496,,,0.3724,,0.2188,1.8497,0.6882,0.1797,,,,,,,0.3555,,0.719,,0.5537,,,0.6801,,,,0.1162,,,,1.1061,,,0.0418,,,,0.162,,,,,,,
0.5184,,,0.3007,,,0.7767,,,,,0.6969,1.9194,,,,,1.023,0.771,1.1911,0.947,,0.6091,0.2968,,,,,0.079,,0.9272,0.162,,0.043,,,0.9024,,0.2636,,0.7492,0.1606,,,,,0.5419,,0.173,,0.7878,,0.6672,,,0.854,,,,,,,0.1724,0.7923,,,,,0.6323,,,,,,,,,
0.5624,0.1448,,0.136,,,0.4133,0.1004,1.2413,0.1237,,0.6419,1.2067,,0.3774,0.1194,,1.0648,0.3011,,0.2697,,0.5053,,0.4557,0.2128,,2.4868,0.1239,,0.9421,0.1137,,,0.0596,,0.245,,0.1725,,1.4967,0.1417,,,,,,0.5581,0.2847,,0.75,,,,,0.5655,,,,,,,,1.3269,,,0.1061,,,,,,,,,,,
0.3149,,,0.1569,,0.0751,0.4685,,0.5458,0.2109,,0.5065,0.8184,,,,,,,,0.4033,,0.464,,0.414,0.3002,,0.1101,,,0.4675,,0.4538,0.0406,,,,,0.2391,,0.222,0.2007,,,,,,,,,0.7407,,0.5845,,,0.625,,,,,,,,,,,0.0706,,,0.385,,,,,,,,
0.6496,,,0.2131,,,0.2906,,0.6885,0.0878,,0.543,0.6833,,,,,0.4556,,,0.1844,,1.0221,,0.4597,,,0.2451,,,0.6518,,,0.1084,0.1019,,,,0.2035,,0.3555,0.1729,,,,,,,,,0.6904,,0.5103,,,0.6992,,,,,,,0.146,,,,0.0733,,,,,,,,,,,
0.563,,,0.1212,,0.0622,0.4044,,0.6231,0.0895,,0.541,0.7764,,,,,,,,,,,,,0.1917,,,0.0066,,0.5409,,,0.093,,,0.2844,,,,0.3265,0.1498,,,,,,,,,,,0.5176,,,0.6415,,,,,,,,,,,,,,0.3632,,,,,,,,
0.6436,,,0.2143,,,0.3284,,1.0715,0.1769,,0.664,1.1364,,0.3202,,,0.6913,,,,,0.4332,,0.6934,0.1673,,0.4361,,,0.8728,0.133,,,,,0.401,,,,0.695,0.1303,,,,0.3685,,,0.3713,,0.6021,,0.2488,,0.2863,0.4609,,,,0.3847,0.0951,,,,,,,,,,,,,,,,,
,,0.0692,,,,0.1516,,0.2246,0.0485,,0.3329,0.4084,,,,0.0892,,,0.2382,,,,,,0.2737,,0.1512,,,0.184,,,,0.1139,,0.0799,0.2276,,,0.058,0.107,,,,,,,0.1098,,,,0.1862,0.0764,,0.2465,,,0.5491,0.1793,,0.0305,,0.8278,,,0.1338,,,,0.0563,,,0.0378,0.5216,,,
,,0.0707,0.0864,,,0.2361,,,,,0.6251,0.8678,,0.6674,,0.1874,,,0.9943,0.3857,0.2918,0.7194,,,,,,,,0.1921,,,,0.0918,,0.0629,,,,0.3471,0.1235,,0.044,,,,,0.2379,,,0.3567,0.2566,0.1188,0.07,0.3007,,,,,,,,0.4079,,,0.1388,,,,,,,0.0474,0.2097,,,
0.5796,0.1571,0.0388,,0.4934,,0.0873,,0.613,0.0219,,0.3115,0.4296,,,,0.0692,,,,0.4168,,0.4999,,,0.544,0.0259,,,,0.0863,,,,0.0355,,,0.2956,,,0.0963,0.0738,0.0236,,,,,,0.0892,,,,,,,0.2119,,,0.3998,,,,,0.123,,,0.1245,,,,,,,,,0.1199,,
,,0.0381,,,,0.1576,,,0.0318,,0.2812,0.5535,,,,0.1045,,,0.2732,0.3466,0.2237,0.5893,,,0.1925,,0.2225,,,0.1639,,,,0.0274,,,0.3525,,,0.1332,0.0821,,,,,,0.0994,0.1375,,0.2211,,0.1323,0.0694,,0.1144,,,0.4988,,,,,0.1569,,,0.1988,,,,0.0822,,0.0773,0.0157,,,,
,,0.0615,0.0661,,,0.1955,,,0.024,,0.3892,0.3562,,,,0.088,,,0.4019,,,0.0729,,,0.3503,0.0236,,,,0.202,,,,0.1076,,0.0724,0.3434,,,,0.1015,,,,,,,0.0771,,,,,0.0795,,0.2447,,,,,,0.1455,,1.6547,0.1768,,0.2335,2.1918,,,,,0.0837,0.0753,,0.2394,,
,,0.0637,,,,,,,0.048,,0.4576,0.6625,,,,0.2593,,,0.3032,,,0.1296,,,0.3415,,,,,0.1636,,,,0.1636,,0.2379,0.3103,,,0.1294,0.0793,,,,,,0.1041,,,,,0.3863,0.0914,,0.2255,,,0.547,,,0.1155,,4.2588,1.3289,,0.1508,,,,,,0.0523,,,0.2323,,
,0.2069,0.0647,,0.6817,,0.3278,,,,,0.5287,0.5983,,,,0.1526,1.271,0.2919,0.3775,,0.2746,0.1865,,,,,0.2519,,,0.2924,,1.2428,,,,0.0255,0.9303,,,0.1041,0.1,,,,,,,0.1541,,,0.2813,,0.1214,,,,,0.8522,,,,,0.4575,,,0.1726,0.8711,,,0.1833,,0.102,,,,0.2139,
,,0.1392,,,,0.237,,,0.0342,,0.3805,0.3771,,,,0.1045,0.7208,,0.4341,,,,,0.1482,,,0.2529,,,0.1908,,,,0.1317,,0.0718,0.4889,,,,0.0756,,,,,,,0.0785,,,,,0.0872,,0.191,,,0.7034,,,0.1129,,1.7684,0.1086,,0.2071,,,,,,,,,,,
0.2688,,0.0693,,0.5673,,0.1528,,0.2561,,,0.357,0.4016,,,,,,,,0.2572,,0.3838,,0.1172,0.3178,,0.045,,,0.4604,,,,0.0446,,,,,,,0.06,,,,,,,,,,,0.224,0.0713,,0.4862,,,2.5154,,,,,0.1591,,,0.0611,,0.8295,,,,,,,,,
,0.0908,0.0395,0.0393,,,,,1.0272,0.0536,,0.2329,0.5687,,,,0.3642,,,,,0.2772,0.6383,,,,,1.3578,,,0.1839,,,,0.0449,,0.052,0.0959,,,,0.0437,,,,,,,0.1719,,,1.3875,0.1144,0.0673,0.0475,,,,0.1308,,,,,0.5337,,,0.2546,,,0.0442,,,,0.0099,,,,
,,0.0581,0.1212,,0.1251,0.2762,,,0.09,,0.4564,1.0608,,0.9403,,0.2525,0.8974,,0.5191,,0.4023,1.1394,,,,,,,,0.3104,,0.9875,,,,,0.7921,,,0.2662,0.1763,,,,0.2008,,0.2163,0.3032,,,,,0.126,0.0831,,,,0.1768,,,,,0.1836,,,0.2174,,,,,,,,0.5902,0.434,0.2052,
,,0.0526,0.13,0.4245,,0.2976,,2.7668,0.1221,,0.3658,,,0.8818,0.1128,0.3634,,0.4225,,,0.0498,1.7267,,,,,0.3634,,,0.1659,,0.9373,,,,,0.6364,,,0.5051,0.0768,,,,,,0.3118,0.4225,,,2.2158,,0.1386,,,,,0.1469,,,,,1.2762,,,0.122,,,,0.2325,,0.0806,,,,0.2075,
,,0.0886,0.1302,0.6853,,0.3805,,0.7314,0.0458,,0.4818,0.5023,,,,0.1372,,0.3427,0.4167,,,0.7759,,,,,0.2913,,,0.3674,,0.9948,,0.0871,,0.0246,0.7903,,,0.0814,0.1334,,,,,,,0.1529,,,,,0.1127,,,,,0.1803,,,0.0523,0.0896,0.4045,,,0.1865,,,,,,0.0905,,,,0.2125,
,,,0.1527,,,0.3297,,1.6502,0.1589,0.2884,0.4368,,,0.8876,,0.7,,,,0.3566,0.4461,1.5363,,0.3608,0.2916,,0.4348,,,,,0.7374,,,,0.2321,0.6033,,,0.3541,0.1047,,,,0.301,,,0.4195,,,1.8813,,,,0.4513,,,0.3327,,,,,0.8479,0.1844,0.7218,0.1472,,1.766,,,,0.1217,,,,0.1533,
,,0.0382,,,,0.2833,,1.3514,0.0623,,0.2985,,,,,0.2713,,,,0.4405,0.3481,0.4076,,,0.6549,0.0279,0.1828,,,,,,,0.1145,,,,,,0.414,0.0846,0.0123,,0.1671,,,0.0981,0.3031,,,1.688,,0.375,,0.213,,,0.1324,,,0.0366,,0.2252,,,0.0915,,,,0.1548,,,,,,,
1.0157,,0.1248,0.1799,0.519,,0.3253,,0.4783,0.0812,,0.5239,,,,,,1.8162,0.2707,,,,0.6301,,0.7538,,,0.0532,,,,,0.8463,,,0.1665,,,,,0.0602,0.1371,,,,,,,,,,,,,,0.6134,,,2.518,,,,,0.2609,0.0422,,0.046,,,,,,0.0633,,,,0.1807,0.0467
0.8004,,0.0962,,,0.0875,0.2616,,,,,0.4358,0.6551,,,,,0.9439,0.3857,,,,,,0.2031,,,0.0642,,,,,0.6422,,,0.1185,0.2107,,,,,0.1019,,,,,,,,,,,,,,0.7281,,,4.867,,,0.2798,0.3499,2.0492,,,0.015,2.5279,,,0.2374,,,,,,0.1521,
0.3905,,,,0.3575,,0.2387,,,0.0159,,0.4274,0.3352,,,,0.0558,,,,0.3852,,0.0989,,,,0.0148,,,,0.1803,,,,0.0679,,,0.35,,,,0.1274,0.0173,,,,,,,,,,,0.0734,,,,,0.2067,,,,,0.256,,,0.0888,,,,0.0356,,0.067,0.0354,,0.0375,,
,,0.0459,,,,0.1412,,0.6719,,,0.3024,,,,,0.1448,,,0.4237,0.164,,0.6201,,,,,0.2754,,,,,,,0.0512,,0.0359,,,,0.0665,0.0623,,,,,,,0.123,,,,,,,0.2496,,,0.3889,,,0.0472,,0.2859,,0.4295,0.247,,2.5107,,0.0451,,,,0.1335,,,
,,,,0.3495,,0.1702,,0.3563,0.0333,,0.2001,,,,,,,,,,,0.0859,,,0.1615,,0.0464,,,0.1256,,,,0.0244,,,0.2249,,,0.0271,0.044,0.0157,0.1782,,,,,0.0577,,,,0.1766,,,0.1488,,,,,,,,0.1657,,,0.1344,,,0.0525,,,,0.026,0.7423,,,
0.6288,,0.0306,,0.2921,,0.1694,,,0.0754,,0.3036,,,,,0.2131,,,,,,1.0381,,,0.2135,,0.2271,,,,,,,0.0315,,,,,,0.1761,0.0602,0.0175,,,,,,0.2213,,0.4349,0.6629,,0.1236,,0.5485,,,1.7612,,,,,0.1466,,,,0.0224,0.8618,0.0821,,,0.0503,,,,,
0.419,0.0694,0.0422,,,0.1594,0.2109,,0.7759,,,0.3064,,,,,,,,,0.2968,,0.8355,,,0.2504,,0.2256,,,,,,,,,0.4531,,,,0.2627,0.0731,0.0147,,,,,0.1342,0.283,,0.3089,1.4265,0.1854,0.0803,,0.3557,,,3.4384,,,0.2246,,2.2833,,,,0.9488,,,,,,,,,,
,,,,,,0.5308,,0.0877,0.1185,,0.4071,,,,,0.5396,,,,0.4208,,1.3424,,,0.3031,,0.1039,,,,,,,0.1015,,,,,,0.1037,0.0743,0.0248,,,,,,0.3667,,0.4071,1.6069,0.4439,0.2528,,0.5708,,,0.5733,,,,,0.3206,,,,,,0.1209,0.0827,,0.0418,0.0807,,,,
0.6957,,0.0634,,0.2836,0.0392,0.1694,,,0.0602,,0.5017,0.4505,,,,,,,,,,0.4615,,0.5657,,,0.0331,,,,,,,0.0888,,,,,,0.0386,0.0816,0.0136,,,,,0.061,,,,,,,,0.8173,,,6.4838,,,,,,0.0285,,,,1.067,,,,,,,,,0.0802
0.6803,,0.0786,,0.4267,,0.203,,0.7994,0.0516,,0.4981,1.0699,,,,,,0.6698,,0.3475,,0.3837,,0.451,,,,,,0.4203,,,,,,,,,,0.0542,0.073,0.0207,,,,,,,0.0149,,,0.2913,,,0.6431,,,4.9732,,,0.1184,0.0835,1.0487,,,,,2.6259,,,,0.0429,,,0.0194,,0.0249
0.4873,,0.0816,,,0.09,0.2632,,0.6591,0.0528,0.175,0.7249,0.4718,,,0.0593,0.1623,1.1074,,,,,0.7835,,0.1718,,,,,,0.4207,,0.5042,,0.1259,0.0728,0.0688,0.4169,,,0.04,0.1007,0.0183,,,,,,0.1497,,,,,,,0.5964,,,0.9185,,,0.0789,,1.1059,,,,,,,0.1119,,,,0.4487,0.0377,,0.0295
0.2968,,0.1084,0.1291,,,0.4299,,,0.0498,,0.745,0.7008,,,,,1.688,,,0.7912,,0.6013,,0.3845,1.1258,,,,,0.3272,,,,,,,,,,0.0633,0.1568,0.0148,,,,,,,,,,,,,0.9281,,,3.1105,,,,,0.7477,,,,,,,0.1911,0.8159,,0.1515,,,,
0.5702,,,0.1608,,,0.2785,,,0.1053,,0.6641,,,1.1011,,0.2627,1.3248,0.3125,,,,1.622,,0.1935,,,,,0.3123,0.2908,,0.5117,,,,0.085,,,,,0.1406,0.0064,,0.1683,,,,0.4238,,,,0.3611,,,1.2079,,,4.7348,,,,,1.0483,0.1389,,0.0458,1.9963,2.0301,,,,,,,,,0.0624
,,0.0335,,0.3935,,0.2364,,1.3538,0.0589,,0.3967,,,,,0.2886,,,,0.2798,0.3925,1.2808,,,0.4023,0.0213,0.3658,,,,,,,,,,,,,0.4586,0.0895,0.0238,,0.1553,,,0.1867,0.3623,,,1.8635,,0.1604,,0.2924,,,0.1459,,,,,0.7504,,,0.0645,,,,,,0.0494,0.0669,,,,
,,,,0.2044,,0.303,,0.5491,0.0673,,0.4063,0.8181,,,,0.2161,,,,0.5348,0.2963,0.4588,,,0.4558,,0.2372,,,,,,,0.1013,,,,,,0.2971,0.0837,0.0188,,,,,,0.3438,,0.4129,1.7991,,0.4549,,0.4375,,,0.2304,,,,,0.3851,,,0.0586,,,,0.1824,,0.0332,,,,,
0.4033,,0.0526,,0.1573,,0.3101,,,0.1127,,0.4643,1.0113,,,,0.2362,,,,0.7029,,0.5475,,,,,0.215,,,,,,,0.0722,,,,,,0.3735,0.1199,0.0194,,,,,0.1495,0.3559,,0.6282,1.3888,,0.4726,,0.5727,,,1.3246,,,,,0.3495,,,0.0747,2.1106,,0.2116,0.1438,,0.0584,,,,,
0.7158,,0.1499,0.1748,,0.0396,0.3024,,,,,0.8162,0.5069,,,,,,0.7317,,0.4324,,0.7914,,0.3302,0.6604,0.0817,,,,,,,,,0.3223,,,,,,0.1517,0.0184,,,,,,,0.0474,,,0.4884,,,0.7996,,,2.0462,,,,,0.2585,0.1099,,0.0672,,0.1857,,0.1512,,,0.0823,,,,0.1212
0.5333,,0.0976,,0.5408,0.0455,0.3612,,0.3371,0.0749,,0.8336,0.4088,,,,0.1379,1.7757,,,0.5529,,0.9662,,,0.2866,,0.0199,,,0.2801,,,,0.1559,0.1672,,,,,,0.1357,0.016,0.0905,,,,,0.187,,,,0.2512,,,1.1668,,,1.2671,,,0.1364,0.0422,0.3966,,,,0.6403,,0.2784,0.3557,,,,,,,0.034
0.7449,,0.0907,0.0776,,0.0977,0.2223,,,0.2821,,0.6606,,,,,0.4878,,0.2425,,,,0.3234,,,,,0.3477,,,0.332,,,,0.0563,,,,,,1.3404,0.0829,,0.9304,,,,0.447,0.5086,,,,0.2828,0.1231,,1.1937,,,2.5296,,,,,0.3995,,,,2.4663,2.2139,,0.09,,,0.0301,0.2601,,,
,,0.1542,0.0374,0.4104,,,,0.2712,,,0.4913,0.5822,,,0.0369,,,1.6276,,,,,,,,,0.0223,,,,,,,,,0.5988,,,,,0.0282,0.0162,,,,,,,,0.428,,0.1607,,,0.8169,,,1.8302,,,0.9415,,11.495,,,0.1059,1.8857,,0.1043,0.0826,,0.047,,,,,0.0468
0.6787,,0.14,0.1612,0.1954,0.0967,0.2602,,0.6466,0.078,,0.6903,0.6527,,,,,1.3808,0.262,,0.3781,,0.9299,,,0.4304,,0.0337,,,0.3009,,,,,0.2927,0.0642,,,,0.2251,0.114,,0.2232,,,,,,,,,0.4196,0.0872,,0.8356,,,1.5105,,,,,0.4417,,,,,,,0.0803,,,,,,,0.042
1.049,,0.1053,0.2245,,,0.381,,,,,0.6152,0.4403,,,,,0.8079,0.2615,,,,,,0.1072,,,0.0165,,,0.826,,0.8082,,,0.1318,0.0653,,,,,,,0.2172,,,,,,,,,,,,0.9594,,,2.8315,,,0.2828,,1.9174,,,0.0524,1.271,1.0001,,,,0.0589,,0.3901,,0.1966,0.0349
0.8844,,0.0742,,,,0.1569,,0.6291,0.0727,,0.341,0.9648,,,,0.2164,,,,,,1.3166,,0.2243,,,0.2312,,,,,0.5471,,0.028,,,,,,0.2344,0.0334,0.0208,,0.0873,,,,0.2434,,0.5434,,,,,0.6263,,,2.6421,,,,0.048,0.2693,,,,0.729,0.8686,0.0655,,3.0658,0.0589,,,,,0.0549
,,0.0887,,0.3964,,,,,0.0939,,0.3699,1.0031,,,,0.1955,,1.1429,,,0.5079,0.2487,,,0.28,,0.3547,,,0.1929,,0.5445,,0.0933,,0.061,0.3346,,,0.2215,0.0435,0.0121,,,,,,0.2757,0.0134,,,0.1841,0.1227,,0.4443,,,0.2743,,,0.1065,,2.2333,,,0.0944,,,0.0978,,,0.058,,,,,
0.3329,,,,,,0.2086,,,0.0485,,0.3176,0.6431,,,,0.1727,,,,0.8082,0.2917,0.9941,,,,,0.2119,,,0.1397,,,,0.0962,,0.025,0.3652,,,0.1225,0.0753,0.0127,,,,,,0.1616,,,,0.2135,0.0882,,0.2279,,,0.1305,,,,,0.4817,,,0.0983,,,0.082,0.3316,,0.0648,,,,,
,,,,0.8481,,0.3032,,0.7877,0.1053,,0.5271,,,0.6635,0.076,0.4298,,0.3905,,,0.5725,0.2873,,,,,0.3482,,,0.2221,,1.0177,,,,0.0639,0.4508,,,0.2724,0.0884,,,,,,,0.3134,,,3.15,0.2161,0.1262,,0.5079,,,0.2259,,,0.0702,,0.3154,,,0.1104,0.997,,,,,0.0838,,,,0.1598,
,,,0.0887,,0.2182,0.2715,,,0.1242,,0.4099,,,,,0.1951,0.9741,,,,,0.2781,,,0.4687,,,,0.441,,0.1748,,,,,,,,,,0.111,,,,0.3392,,,0.2683,,,,0.1967,,,0.3143,,,2.3384,,,,,0.3898,,,0.2284,,,,,,,,,0.9079,0.0958,0.162
0.3069,,,0.1562,,,0.2616,,,,,0.5459,0.8941,,,,,,0.1856,,0.6076,,0.9978,,,0.8789,,0.4545,,0.1125,,,,,,0.1552,,,,,0.3004,0.1213,,0.7988,0.1187,,,0.154,0.2897,0.03,,,0.3148,0.1425,,0.7505,,,1.1065,,,,,0.6371,,,0.074,,1.9721,,,,,,,,,
0.3161,,,0.1486,,0.0713,0.4227,,,0.1604,,0.7567,,,,,0.3516,1.7549,0.2422,,,,0.2867,,,,0.0851,0.139,,,0.5057,,0.9277,,,0.2177,,,,,0.1821,0.1472,0.0107,,0.142,,,,0.3658,,,1.6727,,,,0.7949,,,1.3852,,,,0.2103,0.4555,,,0.0479,,1.5313,,0.1838,3.1752,,,,,0.1927,
0.5936,,,0.1428,,,0.2119,,,0.1336,,0.6006,1.0773,,1.5152,,,1.4596,0.2872,,0.445,,1.2841,,,0.6269,,0.0637,,0.0569,,,0.4483,,,0.1903,,,,,0.1151,0.0845,,,,,,0.0927,,0.0433,,,0.3081,,,1.0998,,,4.4129,,,,,0.2717,0.082,0.0652,0.0657,,0.7735,0.1345,,1.2694,,,0.5788,,,
,,,0.0731,,,0.3467,,1.0114,,,0.5754,,,,,0.1885,,0.1768,,0.3277,,1.3785,,,0.4408,,,,,0.3151,,0.6584,,,0.2195,,1.1039,,,0.2722,0.0792,,0.0613,,,,,0.3647,,,3.1077,0.3595,0.1198,,0.5586,,,1.1374,,,,,0.7624,,0.1894,0.1161,,,,,,0.0936,0.0221,,0.2417,,
,,,0.1307,,,,,,,,0.5899,,,,,0.2831,,0.2501,,,,0.7878,,,0.5274,,0.6301,,,,,,,,0.2603,,,,,0.4182,0.0589,,,,,,0.2112,0.3313,0.1043,,,,,,1.2898,,,1.7273,,,,,0.8155,,,0.2015,3.2145,,,,,,,,,,
0.9152,,,0.312,0.0458,,0.485,,,,,0.7286,0.3642,,,,,1.1798,,,,,0.7349,,0.1424,,,,,,,,0.9736,,,0.2187,,,,,0.0256,0.1686,,0.2416,,0.3035,,,,,,,,,,1.0385,,,2.1175,,,,0.064,0.4637,0.0343,0.0438,0.027,,1.3697,,,,0.0391,,,,0.2318,0.0554
0.9164,,,0.2179,,0.0711,0.3003,,0.5133,,,0.784,0.492,,,,,1.2176,0.2802,,,,,,0.1085,0.8962,,,,0.107,,,,,,0.2542,0.2451,,,,0.0412,0.1686,,,,,,,,,,,,,,1.061,,,2.5825,,,,,0.8314,,0.0683,,,0.8291,0.1348,,,,,,0.0129,,
,,,0.1194,,,0.1749,,,,,0.5584,2.0131,,,,,0.6562,0.3734,0.0149,0.3944,,,,,,,,,,0.359,,,,,,,,,,,0.0716,0.0331,,,,,,,0.0601,,,0.256,,,1.2567,,,0.9366,,,,,0.46,,,0.2131,,1.221,,0.0871,,,,1.247,0.0925,,
,,,0.1652,,,0.357,,0.46,,,0.8106,0.4274,,,,0.0653,,,0.673,0.3948,,0.1702,,,0.8143,0.0934,,,,0.2907,,,,,,,0.5833,,,,0.1829,,0.077,,0.2865,,,,0.1243,,,0.4113,0.0873,,0.9729,,,1.8748,,,,,0.2716,,,0.2221,1.2055,1.2783,,,,,0.091,,,,
,,,,,,0.2002,,0.4881,,,0.6034,1.0383,,,,0.1335,0.9649,,,,,0.1492,,0.8669,,,0.0378,,,0.417,,,,,0.5128,,0.5211,,,0.056,0.0943,0.0573,,,,,,,0.0821,0.4753,,,,,0.9311,,,2.33,,,,,0.4939,,0.0492,0.2214,,,,,,,,,,,0.2133
0.3493,,,0.1034,,0.0478,0.2114,,0.719,,0.2715,0.8134,1.516,,,,,,,,,,0.1661,,,,,,,,0.2305,,,,,0.2077,0.5494,,,,0.0975,,,,,0.2851,0.0866,0.0353,0.202,0.144,,,0.3179,,,1.6056,,,1.679,,,,0.05,5.4851,,0.0689,0.0493,,,,,,,,0.6343,0.053,,0.1618
0.3685,,,0.2027,,,0.2849,,0.2128,,,0.8331,0.5462,,,,0.1408,,0.3633,,0.599,,0.5114,,,0.7827,0.0841,,,0.0747,0.2492,,,,,0.2137,,,,,0.0327,0.1466,0.0401,1.2786,,,,,,0.0747,,,0.4673,,,1.0901,,,1.1206,,,,,0.466,,0.0466,0.0793,,,,,,0.059,,0.6506,,,
,,,0.171,,,,,0.6785,,,0.6195,0.7577,,,,,,0.349,,,,0.8393,,,0.4459,,,,0.2493,0.2318,,,,,0.1717,0.0817,,,,,0.0823,,0.3033,,,,,,0.1008,,,,,,1.0865,,,1.1519,,,,,1.1345,,,0.0732,,1.3522,,0.3343,,,,,0.4576,,
0.7455,,,,,,0.3748,,0.9044,0.1879,,0.9384,,,,,,,,,,,0.3328,,,0.4596,,0.0222,,,,,,,0.2035,,,,,0.1644,0.0748,0.1043,0.0196,,,,,0.0352,,0.2084,,,,,,2.2023,,,0.2898,,,,0.0202,,,,,0.7674,0.8508,0.2164,0.2564,0.7868,,,,,,
,,,0.1402,,,,,,0.1348,,0.7685,,,,,0.2245,1.5296,,,0.8143,,0.3129,,0.2094,0.6693,0.0771,,,,,,,,0.0542,0.195,,,,,0.1166,0.1068,0.01,,,,,0.0723,0.2754,0.1424,,,0.2928,,,1.0665,,,1.1918,,,,,0.36,,,0.0978,,0.7111,,,0.9729,0.059,0.0567,,0.085,,
,,,0.0599,,,0.1915,,,0.1325,,0.5034,1.5297,,,,0.4144,,,0.1286,0.3765,0.478,1.1595,,0.7361,0.311,,,,,,,0.4903,,,0.2862,,,,,0.6056,0.0534,0.0594,,0.2186,,,0.2168,0.4271,0.0949,,2.4887,0.1754,,,0.4322,,,0.4231,,,,,0.4865,,,0.3233,0.8957,,,0.1031,,,,,0.3058,,
1.0349,,,,,,,,0.7202,0.1644,,0.6118,,,,,,,,,,,0.3648,,0.32,,,0.0424,,,,,,,,0.4962,,,,,0.0664,0.0848,0.0339,,,,,,0.3733,0.0577,,,,,,0.8081,0.1727,,2.848,,,,,0.2335,,,0.0902,,0.5188,0.1712,,,,0.0755,0.3495,,,0.142
0.5488,,,0.7922,,,0.4171,,1.5012,,,,1.8763,,0.972,0.0873,,1.9493,,,,,0.3668,0.1794,,0.6164,0.125,0.1118,0.1698,0.7892,,,,,,0.1929,,,,,,0.1837,,0.5647,,0.8133,0.6758,,0.5486,,,,,,,0.7459,,,1.4364,,,0.3447,,0.8871,0.5285,,0.0779,,,0.2942,,1.6857,,,,,0.2673,
0.6992,,,0.2384,,,0.465,,0.4306,,,1.4266,0.7863,,,,0.129,2.284,,,0.7764,,0.3169,,,0.6375,0.0894,,,0.2635,0.3152,,,,,0.2335,,,,,0.0438,0.1746,,,,,,,,,,,0.623,,,1.8267,,,1.81,,,,0.4771,0.3681,,0.0849,0.0573,,,,,,,,,0.0378,0.0729,
0.4411,,0.0526,0.1862,,,0.4663,,1.5765,,,0.875,,,,,0.2689,1.1592,,,0.7972,,1.3776,,,1.1677,0.0936,0.0386,,,0.4846,,0.771,,,,0.1702,,,,0.104,0.1516,,,0.1276,,,,,0.0737,,1.2306,0.46,0.1877,,0.8847,,,0.7022,,,,,0.4424,,0.0588,,,1.2609,0.3946,,,,0.1889,,,0.0612,
,,,,,,0.3642,,0.5855,,,0.5691,,,,,,,,0.1552,0.4258,,0.9877,,,0.6947,0.0593,0.2245,,0.0891,0.2182,,,,,0.1492,,,,,0.1142,0.0724,,,0.0725,,,0.0545,,,,1.3383,,0.1345,,0.5737,,,0.5424,,,,,0.3937,,0.1581,0.1767,0.4368,,,,,,0.0434,,,0.032,
,,,0.1906,,,0.3274,,0.9981,,,0.744,,,,0.0752,,1.3066,,0.4374,0.5295,,0.8812,,0.3127,0.7519,0.1042,,,0.2191,0.3667,,,,,0.2381,0.1747,,,,0.2225,0.1004,,1.3717,,0.7308,,0.1595,0.5116,0.0515,,,0.3018,,,0.6149,,,0.6577,,,,,0.4761,,,0.6073,,,,,,,0.1408,,0.4544,0.0558,
,,,,,,0.2797,,,,,0.6441,0.6391,,,,0.1519,1.6706,,0.1975,0.2759,,1.1557,,,0.3787,0.045,0.2625,,0.0676,0.1458,,0.7706,,0.0826,0.1284,,0.1182,,,0.1538,0.0963,0.0653,,,,0.1397,0.0811,,,,,0.4594,0.0968,,0.6399,,,0.6798,,,0.1942,0.2894,0.5928,,,0.2287,2.3019,,,,,,,,,0.0364,
,,,0.6848,,,0.6028,,,,,0.9847,1.6432,,0.8347,0.0941,,1.1822,,,,,1.3574,0.1793,,0.6657,0.0935,0.1074,0.1015,0.6501,,,0.4116,,0.1457,,0.1785,,,,,,0.003,0.6018,,,0.6336,,0.5638,0.2212,,0.8708,,,0.1676,0.5477,,,0.4819,,,0.3661,,0.8406,0.4101,,0.0454,,,,,,,,,0.1637,,
0.1761,,,0.1829,,,0.4,,,0.2068,,0.8111,,,,,0.2792,,,,,,1.8342,,,0.4845,,0.1676,,0.0664,0.2392,,0.6362,,0.1176,,,1.0434,,,0.3426,0.1177,,0.1039,,,0.1197,0.0939,1.0094,0.1929,,1.8477,,0.1938,0.2824,0.6204,,,0.4467,,,,,0.263,,,0.0425,0.8819,,,,2.2747,0.0872,0.1602,0.2291,,,
,,,0.5282,,,0.3235,,1.0338,,,1.1737,,,,,0.2515,2.3032,0.2234,,0.8725,,0.2949,0.0519,,0.8376,0.1111,,0.0796,0.6069,0.7681,,,,,,,,,,,0.2315,,0.3346,,,0.1118,,,,,,0.4526,,,1.2584,,,1.4534,,,0.2583,0.047,0.4862,0.2667,,0.1068,,1.1258,,,,,,0.6464,0.2272,0.1169,
0.2865,,,0.692,,,0.3847,,1.6136,,,,2.108,,0.9891,,,2.0039,,,,,0.5109,0.2019,,0.4453,0.1503,0.1255,0.1631,0.9183,,,,,0.1204,0.1608,0.295,0.4732,,,,0.1617,,0.7643,,0.9757,0.5026,,0.7002,,,0.9576,,,,0.6806,,,1.0558,,,0.5025,,1.0382,0.4677,,0.0542,,0.8792,0.1543,,1.6301,,,,,0.2232,
0.6458,,,0.188,,0.0544,0.3062,,0.7987,,,1.0113,0.7683,,,,0.1282,,,,,,0.5853,,,0.6422,,,,,0.2741,,,,,0.302,,0.911,,,0.0405,0.1872,,0.1655,,,,,,,,,0.429,,,0.9284,,,1.8182,,,,,0.4428,0.1527,0.0805,0.0589,,,,,,,,,,0.0544,
,,,0.4418,,,0.4363,,1.4208,,,0.692,,,,,0.3766,1.6512,,,,,0.3385,0.0722,0.3237,0.4482,,,0.1056,0.7383,0.3693,,0.7636,,,,,0.9267,,,0.1634,0.1632,,,,0.455,0.3466,0.0274,,,,,0.2989,,,0.5275,,,2.0879,,,,,0.9944,,,0.1066,,0.8232,,,,,,,0.1499,0.1411,
0.453,,,,,,0.2792,,0.388,,,1.0039,0.8746,,,,0.1546,,,,,,0.6266,,,0.6291,,,,0.1374,0.3163,,,,,0.3425,,,,,0.0553,,,0.1449,,0.3982,,,,,,,0.4245,,,1.3379,,,1.0764,,,,,0.4542,,0.0263,0.0568,,2.8219,,,,,,,,0.0627,
0.4411,,,0.2812,,,0.4182,,,,,1.448,0.6121,,,,0.1399,1.7104,0.5335,,1.1893,,0.7931,,,,,0.0199,,0.3645,0.7176,,,,,,,,,0.4536,0.0615,,,,,,,,,,,,,,,1.2273,,,0.8082,,,,0.0405,0.2595,,0.0458,0.0092,,1.4637,0.7907,,,,,,,0.164,
,,,0.2107,,0.06,0.3656,,,,,1.1344,0.5317,,,,0.1228,,,,0.6321,,0.6333,,,0.6552,0.0707,,,,0.2996,,,,,0.2101,,0.8168,,0.3258,0.0414,0.1137,,0.0502,,0.3645,,,,,,,,,,1.1089,,,1.064,,,,,1.4207,,0.0478,0.0665,,2.4246,,,,,,,0.0095,,
0.1829,,,0.3586,,,0.3452,,0.9135,,,0.7245,,,,,0.2789,,,,0.5954,,0.4,,,,,0.1232,,0.0677,0.3432,,,,,,,,,,0.187,0.2011,,,0.1408,0.3285,0.1989,0.0646,,,,1.6202,,0.2009,,0.5751,,,0.6699,,,,0.1247,0.264,,,0.038,,,,,,,,0.2941,,0.1033,
,,,,,,0.3044,,1.1177,,,0.7058,0.9889,,,,0.2028,,,0.0452,,,0.2666,,,0.344,0.0515,0.0624,,,0.2803,,,,0.0914,,,,,,0.097,0.0939,,,0.1218,,0.0631,0.0476,,,,,0.4031,0.301,,0.8209,,,0.8363,,,,0.0242,0.4824,,,0.1477,1.5347,,0.2899,,,,,,,0.0536,
,0.2256,,0.2426,,,0.3291,,,0.2832,,0.5309,1.3627,,,,0.224,,,,,,0.2226,,,0.2972,,,,,0.464,,0.691,,,0.4046,,1.1425,,,0.1954,0.1418,,,,0.2466,,0.1083,0.4783,,,,,,0.2164,0.3155,,,0.6404,,,,0.6556,0.5213,,,0.3146,,,,,,,,,0.1161,0.0818,
,,,0.3302,,,0.3959,,0.2146,,,0.9834,,,,,0.2032,,0.4957,,,,1.1267,,,0.4538,,0.2053,,0.4907,0.3233,,0.7223,,,0.2829,,1.0656,,,0.1314,0.1104,,0.1151,,,,0.0508,0.5042,0.1268,,,0.4478,0.2023,0.2234,0.6155,,,0.4457,,,,,0.4813,0.0916,,0.1196,,,,,,0.0759,,,,0.0772,
0.197,,,0.1445,,,0.2021,,,0.1569,0.1426,0.7726,,,1.2135,,0.1992,1.6266,0.2841,,0.4644,,0.642,,,0.2941,0.0884,3.2292,0.1798,0.6529,0.134,,,,,,,,,,,0.0846,,,,,,,,,,0.9683,0.2655,0.1008,,0.675,,,2.0027,,,,,0.3477,,,,1.2218,,,0.1635,0.8852,,,,,0.0245,0.0289
,,,,,,0.4004,,0.3251,,,0.7211,0.5524,,,0.0691,0.1615,,,0.0346,0.5249,0.2288,0.1244,,,0.7585,0.1784,0.1219,,0.0945,0.1453,,1.4056,,0.1103,,0.0233,0.9724,,,0.0614,,,0.1761,,,,,,,,,0.4046,0.0586,0.0425,,,,0.5725,,,0.0544,,0.3109,,0.155,0.1496,,,,,,,0.0425,,,0.0257,
,,,,,,0.2475,,,0.1741,0.1461,0.4132,2.0104,,1.1495,,,,,,,0.3283,0.1631,,,0.3637,0.1013,3.3861,0.1852,0.2806,0.1994,,0.7863,,0.1013,,,0.7371,,,,0.1183,,,,0.9287,,,,,,1.3113,0.3137,0.0857,,,,,0.6123,,,,,0.5551,,,,,,,,,,0.1206,,,0.0403,
,,0.0755,0.1808,,,0.3378,,0.1271,,,1.0176,0.6759,,,,0.141,,,,0.9358,,0.7205,,,0.5142,0.0896,0.0585,,,0.2514,,,,,,,0.2265,,,0.0823,0.1558,,0.0895,,0.3289,,,,,,,0.4623,0.1644,,1.2952,,,0.6441,,,,,0.3934,0.0722,0.0431,0.1071,0.4914,,,,,,,,,,
,,,,,0.3059,0.3514,,0.6638,,,0.9921,0.4417,,,,,,,,,,0.1053,,,,0.0733,,,0.0291,0.1426,,0.7226,,0.118,,0.0364,0.5791,,,0.1299,0.1149,0.0586,,,,,,,0.0541,,,0.598,0.0528,,,,,0.5272,,,0.0688,1.1759,0.4188,,0.1287,0.1785,,,,,,,0.0752,,0.2359,0.0533,
,,,0.1406,,,0.2629,,2.8035,0.1296,,0.3099,,,1.3789,,0.279,0.6428,,,0.3736,,0.2179,,,,0.076,1.4416,0.2575,0.4289,,,0.6366,,,,,,,,,0.1072,,,0.0791,0.331,,,,,,1.0125,,0.1927,,0.1545,,,,,,,,0.4519,,,,,,,,,,,,,0.0537,
,,,0.1577,,,0.3104,,0.8287,,,0.292,,,,,0.196,,,,0.2312,,0.8884,,,0.2783,,2.541,0.0645,0.142,0.1157,,,,0.0389,,,0.3616,,,,0.0657,,0.0698,,,,0.0764,0.3353,,,1.2602,0.1701,0.0924,0.0641,,,,0.243,,,,,0.2344,1.1452,,0.0869,,,,,,,0.0183,,,0.0239,
,,,,,,0.3531,,0.5415,0.097,,0.3489,,,,,0.1899,,,,,0.2285,0.1633,,,0.2753,,0.3092,,0.0712,0.1316,,,,,,,0.5048,,,0.1535,0.1034,0.0064,,,,,0.0386,0.2371,,,0.8863,0.3075,0.1542,0.1911,,,,,,,,,0.2294,0.0828,0.1101,0.0533,,,,,,,,,,0.0614,
,,,,,,0.2559,,2.2442,0.2177,,0.2895,,,0.6013,,0.3259,,,,,0.4694,0.4514,,,0.2591,,1.82,0.0635,0.1229,,,,,0.1018,,,0.452,,,,0.0664,,,,,,0.1192,0.6073,,,1.6968,,0.2537,0.3507,0.2087,,,,,,,,0.4977,1.2051,,0.1021,,,,0.0779,,,,1.3935,,,
,,,,,,0.2208,,,0.1866,0.3066,0.5323,,,,,,,,,0.3135,,0.2466,,,0.5482,0.176,,,,,,,,,0.3085,0.3078,,,,0.3048,0.0385,0.0777,,0.1057,,0.165,0.1159,0.3851,0.0305,,1.3013,0.2383,,0.2816,0.4028,,,,,,,,0.4775,,0.1448,0.1376,,,,,0.527,,,,0.2523,0.0199,
,,,0.2718,,,0.3161,,2.5936,0.2636,,0.7331,,,1.7964,0.1772,0.6997,,,,0.2328,0.7414,0.4317,,,0.5963,,0.5457,,,0.3098,,0.5863,,,0.2964,,0.8238,,,0.4806,0.1207,,,,0.2039,,0.1968,0.6563,,,3.9267,0.3007,0.2174,0.139,0.3237,,,0.39,,,,,0.561,,,0.1512,,,,,,0.0427,,,,,
,,,0.1708,,0.0793,0.1703,,,0.1783,,0.6036,0.0556,,,,0.6051,,0.1866,,0.2194,0.335,0.209,,,,0.1447,5.8346,0.2523,0.1003,0.3431,,0.4656,,,0.2109,,0.6519,,,,,,,,,,0.1658,0.4406,0.0309,,1.6426,0.2868,0.1443,0.0603,0.4144,,,0.3393,,,,,0.26,1.7855,,0.0763,,,,,,,,,,0.0233,
,,,,,,0.2297,,2.4883,0.1464,0.1321,0.2954,,,1.0392,0.0638,0.4325,,,,0.3013,0.4705,0.343,,,0.38,0.107,0.8302,,0.2459,0.1033,,,,0.0403,,0.2072,0.7328,,,,0.0514,,,0.1907,,,,0.3271,,,1.4662,,,0.128,,,,0.3913,,,,,2.2182,,,,,,,,,,,,,,
,0.0926,,0.1581,,,0.2204,,0.518,0.0674,,0.237,0.7792,,,0.0719,0.3068,,,,,0.2641,0.8663,,,,0.0308,0.1872,,,0.163,,,,,,0.0356,0.2854,,,0.2033,0.0602,0.0043,0.1168,,,,0.0914,0.2345,,,1.0749,,0.0727,0.0446,,,,,,,,0.036,0.2519,,,0.0514,,,,0.1238,,0.0362,0.0249,,,,
0.4497,,,0.2073,0.1048,,0.2879,,0.727,,0.2488,0.9743,0.8222,,,,0.1632,1.7792,0.2326,,,,0.5318,,,0.6739,0.0899,0.0306,,,0.2318,,,,,0.2141,,,,,0.0824,0.1783,,0.1142,,,,,,0.2267,,,0.4864,,,1.6205,,,1.1622,,,,0.1295,0.5087,,,,3.2697,1.6985,,,,0.0559,,,,,
,0.1799,,,,,0.2605,,0.8797,,,0.5674,,,,,0.103,,,,,0.2239,,0.0711,0.076,0.4559,0.1873,2.3183,0.1311,0.1931,0.1236,,,,0.0813,,0.0347,0.4713,,,,0.1044,,,,,,,,,,,,0.053,,0.4041,,,0.365,,,,,0.3281,1.1434,,0.2053,,,,,,,0.056,,,,
,,,,,0.0988,0.3548,,,,,0.5775,0.6318,,,0.1988,0.1477,,2.7296,,0.8507,0.3053,0.723,,,0.3738,0.053,0.1094,,,0.1098,,0.969,,,,0.0468,0.563,,,0.1643,0.1286,,,,,,,,,,,,0.0589,0.0256,0.3709,,,0.582,,,,,0.8099,,0.2546,0.1636,,1.4427,,,,,0.1181,,,,
,,,0.2689,,0.6374,0.3458,,0.1686,,0.3729,0.7403,0.9706,,,,0.133,,0.2176,,,,0.1338,,,,0.1431,1.7831,0.0514,0.2036,,,,,,0.2289,,0.6096,,,,0.1238,,0.4335,,,,,,,,,0.3583,0.0762,,1.1252,,,0.8451,,,,0.1299,0.3625,1.0728,,0.1202,2.6904,,,,,,,0.5501,,,
,,,0.1313,,,0.2512,,0.8285,,0.3157,1.3181,1.1114,,,,0.1468,,0.2207,,0.5904,,0.5211,,,0.5122,0.0896,,,,0.217,,,,,0.4568,,,,,,0.0999,,0.1034,,,,0.0194,,0.0782,,,0.3523,,,1.255,,,1.1418,,,,0.0349,0.339,0.1211,0.0904,0.0716,,,,,,,,,0.1856,0.0323,0.1432
0.4212,,,,,0.0375,0.2873,,,,0.2707,1.3205,0.714,,,,0.1195,,,,,,0.1572,,,0.5173,0.1037,0.0163,,,0.2562,,,,,0.2798,,,,,0.0238,0.1218,,,,,,,,,,,,,,1.2343,,,1.0308,,,,,0.5851,0.0345,0.0224,,1.776,,,,,,0.1003,,,0.0619,
,,0.0683,0.2782,,,0.3753,,0.827,0.2048,,0.7004,,,,,0.3539,,,,0.4945,,0.3226,,,0.9183,0.1015,0.7333,,,0.3811,,0.6385,,,0.2404,,0.8322,,,0.3444,0.1697,0.1483,,,0.3181,,0.1575,0.7074,,,1.4485,,0.1985,0.2596,0.3983,,,,,,,,0.8741,,,0.1455,1.8484,1.2289,0.1591,,,0.1233,0.2624,0.4177,,0.0544,
,0.1941,0.0212,0.2922,,,0.5364,,,0.1063,,0.4741,,,,,,,,,0.3461,,0.9923,,,0.4092,0.1217,0.2184,,,0.1977,,,,0.3597,,,0.5468,,,0.3176,0.0955,0.0155,,0.1104,,,0.1114,0.4917,,,2.0084,,0.1835,0.1986,0.3051,,,0.1311,,,,,0.3139,,,0.0464,,,,,,,0.0328,0.2837,,0.052,
,,,0.238,,,0.5332,,0.0512,,,0.8887,,,,,0.2604,,,,,,0.3018,,,0.7351,0.0792,0.347,,0.0653,0.2257,,0.5247,,,0.3518,,0.6726,,,0.2865,0.1173,0.0231,,,,,0.1105,0.6793,0.0507,,1.5945,0.324,0.2255,0.1528,0.5168,,,0.338,0.1254,,,,0.781,,,,1.4986,1.4204,,,,,0.1467,,,0.0373,
0.1702,,,0.3361,,,0.5954,,1.3255,0.203,,1.0314,,,1.03,0.0981,0.3873,,,,0.5416,,1.2162,,,0.9143,0.0652,0.1328,,,0.3091,,,,,0.2854,,,,,0.188,0.139,,,,,0.1689,0.0775,0.6541,,,,,0.2166,,0.6079,,,0.6198,0.0464,,,,0.4631,,,,,,0.3206,,,0.0523,,,,,
0.1731,,0.0506,0.2794,0.2175,,0.5194,,0.8183,,,1.0597,0.5286,,0.2375,,0.1652,,,,1.2487,,0.7008,,,1.2747,0.1442,,,,0.2205,,0.7659,,,,0.0912,0.2391,,,0.0534,0.1503,0.043,,,,,0.0188,,,,,0.4378,0.1162,,,,,,,,,,1.6711,0.1352,,,,,0.472,,,0.0847,,,0.0458,0.0624,
,,0.0325,,,,0.477,,,,,0.9148,,,0.282,,0.2053,,,,0.635,0.333,0.2205,,,0.7424,0.0957,0.1006,,,0.1386,,0.8967,,,,,0.756,,,0.0957,,,0.0697,,,,0.0418,0.3876,,,,0.2244,0.1249,,,,,,,,,0.0278,0.4365,,0.1718,,,,0.3749,,,0.0689,0.1243,,,0.065,
,,,0.2547,,,0.4346,,0.5887,,,1.0075,,,,,0.2617,,,,,,1.2908,,,,,0.1086,,,0.2542,,0.7113,,0.1854,,,0.1696,,,0.1415,0.1144,0.0109,0.4995,,0.6465,,0.0909,0.6635,0.0648,,,,0.1423,0.2154,0.5938,,,,0.2561,,,,0.6318,,0.1074,,1.0812,,0.2294,,,,,0.4907,,0.0536,
0.1351,,,,,,0.533,,,,,1.0596,0.8003,,0.2818,,0.2419,,,,,0.3123,1.2294,,,0.7707,0.0693,0.112,,,0.217,,1.6178,,,,,0.2107,,,0.0752,0.1637,,,,,,,,,,,0.6242,0.0994,,,,,0.183,,,0.0376,,0.5916,,0.0717,,0.4844,,0.2477,,,,0.1325,0.2433,,0.0708,
0.9458,,,,,,0.4185,,,,,0.749,0.2946,,,,0.0881,,,,,,0.7971,,,,0.0606,,,,0.4736,,,,0.1643,,,,,,0.0312,0.1503,0.0358,,,,,,,,,,0.2847,0.1153,,0.6475,,,3.0579,,,,,0.3397,,0.0273,,,0.5548,,0.2124,,,,0.1673,0.0144,0.0747,
0.1782,,0.0407,0.3193,,,0.5219,,,,,1.0952,0.6361,,,,0.1432,,,,0.9121,0.3198,0.2169,,,,0.088,0.1081,,,0.2132,,0.9298,,0.2406,,,0.2615,,,0.0845,0.1513,,,,,,0.0354,,0.1122,,,0.3173,0.1289,,0.5272,,,0.4784,,,,,0.4477,,0.1116,,,,,,,0.0693,,,,0.0839,
,,0.0391,0.3907,,0.1577,0.3842,,0.4658,0.11,,0.7201,0.7309,,,,0.2219,,,0.6399,0.6301,,0.2466,,,0.9993,0.1108,0.7143,,,0.3122,,0.6322,,,,0.2191,1.0952,,,,0.1735,,0.2621,,0.2673,,,,,,,0.6562,0.1386,,0.3403,,,,,,,,1.2439,,2.558,,0.5444,,,,,,,,,0.0548,
0.2358,,,,,,0.7631,,0.9502,,0.23,1.1178,,,1.3512,,0.407,1.8458,,,0.557,,1.8131,,,0.455,,0.3891,0.0705,,0.6357,,1.1149,,,,,,,,0.3055,0.1641,0.0481,,0.1651,,,0.1537,0.7533,,0.7086,,0.5476,0.2217,,0.736,,,0.7047,,,0.1176,0.138,0.5686,0.1024,,,,,0.3174,,0.8,,,,,0.0701,
,,,0.2731,,,0.4346,,,,,1.5551,,,1.4206,,0.8154,,,,0.6539,,1.5318,,,0.6416,,0.3126,0.0272,0.1681,0.4715,,,,0.1555,0.2977,,,,,0.2112,0.1399,0.0091,0.2396,,,,0.0932,0.5606,0.0774,,1.2823,,0.2224,,1.0268,,,0.4721,0.0501,,,,0.5593,0.1073,,,0.933,,0.3716,,1.0145,0.0862,,,,0.061,
,,,,,,0.3397,,,,,0.4473,0.5003,,,,0.1291,,,,0.4733,,0.2336,,,,,0.0899,,,0.239,,,,,,,0.4344,,,0.0988,0.1292,0.0121,0.088,,,,0.0353,,,,,0.3277,0.0826,,0.4065,,,1.4637,,,,,0.4103,,,,,1.2815,,,,0.0252,,0.2784,,0.0877,
0.6504,,0.0179,0.483,,,0.4523,,,,,0.6272,0.4388,,,,,,,,0.4242,,0.8954,,,0.4219,0.0572,0.097,,,0.5224,,,,,,,,,,0.0911,,,,0.2548,,,0.0352,,,,,,0.1563,,0.4436,,,3.3148,,,,0.0226,0.2493,,0.0571,,,0.9906,,,0.98,0.0754,,,,0.0653,
